{"cameraMode":{"drawMode":0,"name":"Shaded","section":"Shading Mode"},"sceneLighting":true,"audioPlay":false,"sceneViewState":{"showFog":true,"showMaterialUpdate":false,"showSkybox":true,"showFlares":true,"showImageEffects":true,"showParticleSystems":true},"in2DMode":false,"pivot":{"x":22.867891311645509,"y":1.147538185119629,"z":82.7078628540039},"rotation":{"x":0.02662590518593788,"y":0.9657566547393799,"z":-0.23358143866062165,"w":0.11000844836235047},"size":6.056073188781738,"orthographic":false}