{"cameraMode":{"drawMode":0,"name":"Shaded","section":"Shading Mode"},"sceneLighting":true,"audioPlay":false,"sceneViewState":{"showFog":true,"showMaterialUpdate":false,"showSkybox":true,"showFlares":true,"showImageEffects":true,"showParticleSystems":true},"in2DMode":false,"pivot":{"x":21.933025360107423,"y":5.454202651977539,"z":103.22087097167969},"rotation":{"x":-0.07590430974960327,"y":-0.9195820689201355,"z":0.22095708549022675,"w":-0.3158971667289734},"size":3.5192294120788576,"orthographic":false}